{
	"credit": "Made with Blockbench",
	"textures": {
		"1": "minecraft:riyl/block/crying_obsidian",
		"2": "minecraft:riyl/block/gold_block",
		"3": "minecraft:riyl/block/gravel",
		"4": "minecraft:riyl/block/iron_block",
		"particle": "gravel"
	},
	"elements": [
		{
			"from": [3.75, 5, -8.2],
			"to": [6.75, 6, -7.45],
			"rotation": {"angle": 45, "axis": "y", "origin": [7.25, 5.5, -7.325]},
			"faces": {
				"north": {"uv": [0, 0, 16, 16], "texture": "#4"},
				"east": {"uv": [0, 0, 16, 16], "texture": "#4"},
				"south": {"uv": [0, 0, 16, 16], "texture": "#4"},
				"west": {"uv": [0, 0, 16, 16], "texture": "#4"},
				"up": {"uv": [0, 0, 16, 16], "texture": "#4"},
				"down": {"uv": [0, 0, 16, 16], "texture": "#4"}
			}
		},
		{
			"from": [6.25, 5, -7.7],
			"to": [8.25, 6, -6.95],
			"rotation": {"angle": 0, "axis": "y", "origin": [0, 4, -8]},
			"faces": {
				"north": {"uv": [0, 0, 16, 16], "texture": "#4"},
				"east": {"uv": [0, 0, 16, 16], "texture": "#4"},
				"south": {"uv": [0, 0, 16, 16], "texture": "#4"},
				"west": {"uv": [0, 0, 16, 16], "texture": "#4"},
				"up": {"uv": [0, 0, 16, 16], "texture": "#4"},
				"down": {"uv": [0, 0, 16, 16], "texture": "#4"}
			}
		},
		{
			"from": [6, 6, -7.75],
			"to": [8.5, 7, -6.75],
			"rotation": {"angle": 0, "axis": "y", "origin": [0, 4, -8]},
			"faces": {
				"north": {"uv": [0, 0, 2.5, 1], "texture": "#3"},
				"east": {"uv": [0, 0, 2.5, 1], "texture": "#3"},
				"south": {"uv": [0, 0, 2.5, 1], "texture": "#3"},
				"west": {"uv": [0, 0, 2.5, 1], "texture": "#3"},
				"up": {"uv": [0, 0, 2.5, 1], "texture": "#3"},
				"down": {"uv": [0, 0, 2.5, 1], "texture": "#3"}
			}
		},
		{
			"from": [4.75, 7.5, -5.25],
			"to": [5.75, 8.5, -4.25],
			"rotation": {"angle": 0, "axis": "y", "origin": [-2, 5.5, -5.5]},
			"faces": {
				"north": {"uv": [0, 0, 16, 16], "texture": "#2"},
				"east": {"uv": [0, 0, 16, 16], "texture": "#2"},
				"south": {"uv": [0, 0, 16, 16], "texture": "#2"},
				"west": {"uv": [0, 0, 16, 16], "texture": "#2"},
				"up": {"uv": [0, 0, 16, 16], "texture": "#2"},
				"down": {"uv": [0, 0, 16, 16], "texture": "#2"}
			}
		},
		{
			"from": [8.75, 7.5, -5.25],
			"to": [9.75, 8.5, -4.25],
			"rotation": {"angle": 0, "axis": "y", "origin": [2, 5.5, -5.5]},
			"faces": {
				"north": {"uv": [0, 0, 16, 16], "texture": "#2"},
				"east": {"uv": [0, 0, 16, 16], "texture": "#2"},
				"south": {"uv": [0, 0, 16, 16], "texture": "#2"},
				"west": {"uv": [0, 0, 16, 16], "texture": "#2"},
				"up": {"uv": [0, 0, 16, 16], "texture": "#2"},
				"down": {"uv": [0, 0, 16, 16], "texture": "#2"}
			}
		},
		{
			"from": [5.5, 9, -4.75],
			"to": [9, 10, -3.75],
			"rotation": {"angle": 0, "axis": "y", "origin": [0, 7, -5]},
			"faces": {
				"north": {"uv": [0, 0, 3.5, 1], "texture": "#3"},
				"east": {"uv": [0, 0, 3.5, 1], "texture": "#3"},
				"south": {"uv": [0, 0, 3.5, 1], "texture": "#3"},
				"west": {"uv": [0, 0, 3.5, 1], "texture": "#3"},
				"up": {"uv": [0, 0, 3.5, 1], "texture": "#3"},
				"down": {"uv": [0, 0, 3.5, 1], "texture": "#3"}
			}
		},
		{
			"from": [4.5, 9, -3.75],
			"to": [10, 10, -2.75],
			"rotation": {"angle": 0, "axis": "y", "origin": [0, 7, -4]},
			"faces": {
				"north": {"uv": [0, 0, 5.5, 1], "texture": "#3"},
				"east": {"uv": [0, 0, 5.5, 1], "texture": "#3"},
				"south": {"uv": [0, 0, 5.5, 1], "texture": "#3"},
				"west": {"uv": [0, 0, 5.5, 1], "texture": "#3"},
				"up": {"uv": [0, 0, 5.5, 1], "texture": "#3"},
				"down": {"uv": [0, 0, 5.5, 1], "texture": "#3"}
			}
		},
		{
			"from": [4, 9, -2.75],
			"to": [10.5, 10, -1.75],
			"rotation": {"angle": 0, "axis": "y", "origin": [0, 7, -3]},
			"faces": {
				"north": {"uv": [0, 0, 6.5, 1], "texture": "#3"},
				"east": {"uv": [0, 0, 6.5, 1], "texture": "#3"},
				"south": {"uv": [0, 0, 6.5, 1], "texture": "#3"},
				"west": {"uv": [0, 0, 6.5, 1], "texture": "#3"},
				"up": {"uv": [0, 0, 6.5, 1], "texture": "#3"},
				"down": {"uv": [0, 0, 6.5, 1], "texture": "#3"}
			}
		},
		{
			"from": [3.5, 9, -1.75],
			"to": [11, 10, -0.75],
			"rotation": {"angle": 0, "axis": "y", "origin": [0, 7, -2]},
			"faces": {
				"north": {"uv": [0, 0, 7.5, 1], "texture": "#3"},
				"east": {"uv": [0, 0, 7.5, 1], "texture": "#3"},
				"south": {"uv": [0, 0, 7.5, 1], "texture": "#3"},
				"west": {"uv": [0, 0, 7.5, 1], "texture": "#3"},
				"up": {"uv": [0, 0, 7.5, 1], "texture": "#3"},
				"down": {"uv": [0, 0, 7.5, 1], "texture": "#3"}
			}
		},
		{
			"from": [6, 9, -5.5],
			"to": [8.5, 10, -4.5],
			"rotation": {"angle": 0, "axis": "y", "origin": [0, 7, -5.75]},
			"faces": {
				"north": {"uv": [0, 0, 2.5, 1], "texture": "#3"},
				"east": {"uv": [0, 0, 2.5, 1], "texture": "#3"},
				"south": {"uv": [0, 0, 2.5, 1], "texture": "#3"},
				"west": {"uv": [0, 0, 2.5, 1], "texture": "#3"},
				"up": {"uv": [0, 0, 2.5, 1], "texture": "#3"},
				"down": {"uv": [0, 0, 2.5, 1], "texture": "#3"}
			}
		},
		{
			"from": [6.25, 6.75, -7.5],
			"to": [8.25, 10.75, -6.5],
			"rotation": {"angle": 45, "axis": "x", "origin": [7.125, 7.25, -7.25]},
			"faces": {
				"north": {"uv": [0, 0, 2, 4], "texture": "#3"},
				"east": {"uv": [0, 0, 2, 4], "texture": "#3"},
				"south": {"uv": [0, 0, 2, 4], "texture": "#3"},
				"west": {"uv": [0, 0, 2, 4], "texture": "#3"},
				"up": {"uv": [0, 0, 2, 4], "texture": "#3"},
				"down": {"uv": [0, 0, 2, 4], "texture": "#3"}
			}
		},
		{
			"from": [6.25, 9.75, -3.5],
			"to": [8.25, 15.75, -2.5],
			"rotation": {"angle": 45, "axis": "x", "origin": [7.125, 10.25, -3.25]},
			"faces": {
				"north": {"uv": [6, 5, 8, 11], "texture": "#1"},
				"east": {"uv": [6, 5, 8, 11], "texture": "#1"},
				"south": {"uv": [6, 5, 8, 11], "texture": "#1"},
				"west": {"uv": [6, 5, 8, 11], "texture": "#1"},
				"up": {"uv": [0, 0, 2, 2], "texture": "#1"},
				"down": {"uv": [6, 5, 8, 11], "texture": "#1"}
			}
		},
		{
			"from": [5.25, 6.75, -6.5],
			"to": [6.25, 10.75, -5.5],
			"rotation": {"angle": 45, "axis": "x", "origin": [7.125, 7.25, -6.25]},
			"faces": {
				"north": {"uv": [0, 0, 1, 4], "texture": "#3"},
				"east": {"uv": [0, 0, 1, 4], "texture": "#3"},
				"south": {"uv": [0, 0, 1, 4], "texture": "#3"},
				"west": {"uv": [0, 0, 1, 4], "texture": "#3"},
				"up": {"uv": [0, 0, 1, 4], "texture": "#3"},
				"down": {"uv": [0, 0, 1, 4], "texture": "#3"}
			}
		},
		{
			"from": [5.25, 9.75, -3.25],
			"to": [6.25, 13.75, -2.75],
			"rotation": {"angle": 45, "axis": "x", "origin": [7.125, 10.25, -3.25]},
			"faces": {
				"north": {"uv": [0, 0, 1, 4], "texture": "#1"},
				"east": {"uv": [0, 0, 1, 4], "texture": "#1"},
				"south": {"uv": [0, 0, 1, 4], "texture": "#1"},
				"west": {"uv": [0, 0, 1, 4], "texture": "#1"},
				"up": {"uv": [0, 0, 1, 4], "texture": "#1"},
				"down": {"uv": [0, 0, 1, 4], "texture": "#1"}
			}
		},
		{
			"from": [4.25, 6.75, -5.5],
			"to": [5.25, 10.75, -4.5],
			"rotation": {"angle": 45, "axis": "x", "origin": [6.125, 7.25, -5.25]},
			"faces": {
				"north": {"uv": [0, 0, 1, 4], "texture": "#3"},
				"east": {"uv": [0, 0, 1, 4], "texture": "#3"},
				"south": {"uv": [0, 0, 1, 4], "texture": "#3"},
				"west": {"uv": [0, 0, 1, 4], "texture": "#3"},
				"up": {"uv": [0, 0, 1, 4], "texture": "#3"},
				"down": {"uv": [0, 0, 1, 4], "texture": "#3"}
			}
		},
		{
			"from": [4.25, 9.75, -3.5],
			"to": [5.25, 14.75, -2.5],
			"rotation": {"angle": 45, "axis": "x", "origin": [6.125, 10.25, -3.25]},
			"faces": {
				"north": {"uv": [0, 0, 1, 5], "texture": "#1"},
				"east": {"uv": [0, 0, 1, 5], "texture": "#1"},
				"south": {"uv": [0, 0, 1, 5], "texture": "#1"},
				"west": {"uv": [0, 0, 1, 5], "texture": "#1"},
				"up": {"uv": [0, 0, 1, 3], "texture": "#1"},
				"down": {"uv": [0, 0, 1, 5], "texture": "#1"}
			}
		},
		{
			"from": [3.25, 6.75, -4.5],
			"to": [4.25, 10.75, -2.5],
			"rotation": {"angle": 45, "axis": "x", "origin": [5.125, 7.25, -4.25]},
			"faces": {
				"north": {"uv": [0, 0, 2, 4], "texture": "#3"},
				"east": {"uv": [0, 0, 2, 4], "texture": "#3"},
				"south": {"uv": [0, 0, 2, 4], "texture": "#3"},
				"west": {"uv": [0, 0, 2, 4], "texture": "#3"},
				"up": {"uv": [0, 0, 2, 4], "texture": "#3"},
				"down": {"uv": [0, 0, 2, 4], "texture": "#3"}
			}
		},
		{
			"from": [10.25, 6.75, -4.5],
			"to": [11.25, 10.75, -2.5],
			"rotation": {"angle": 45, "axis": "x", "origin": [12.125, 7.25, -4.25]},
			"faces": {
				"north": {"uv": [0, 0, 2, 4], "texture": "#3"},
				"east": {"uv": [0, 0, 2, 4], "texture": "#3"},
				"south": {"uv": [0, 0, 2, 4], "texture": "#3"},
				"west": {"uv": [0, 0, 2, 4], "texture": "#3"},
				"up": {"uv": [0, 0, 2, 4], "texture": "#3"},
				"down": {"uv": [0, 0, 2, 4], "texture": "#3"}
			}
		},
		{
			"from": [9.25, 6.75, -5.5],
			"to": [10.25, 10.75, -4.5],
			"rotation": {"angle": 45, "axis": "x", "origin": [11.125, 7.25, -5.25]},
			"faces": {
				"north": {"uv": [0, 0, 1, 4], "texture": "#3"},
				"east": {"uv": [0, 0, 1, 4], "texture": "#3"},
				"south": {"uv": [0, 0, 1, 4], "texture": "#3"},
				"west": {"uv": [0, 0, 1, 4], "texture": "#3"},
				"up": {"uv": [0, 0, 1, 4], "texture": "#3"},
				"down": {"uv": [0, 0, 1, 4], "texture": "#3"}
			}
		},
		{
			"from": [9.25, 9.75, -3.5],
			"to": [10.25, 14.75, -2.5],
			"rotation": {"angle": 45, "axis": "x", "origin": [11.125, 10.25, -3.25]},
			"faces": {
				"north": {"uv": [0, 0, 1, 5], "texture": "#1"},
				"east": {"uv": [0, 0, 1, 5], "texture": "#1"},
				"south": {"uv": [0, 0, 1, 5], "texture": "#1"},
				"west": {"uv": [0, 0, 1, 5], "texture": "#1"},
				"up": {"uv": [0, 0, 1, 2], "texture": "#1"},
				"down": {"uv": [0, 0, 1, 5], "texture": "#1"}
			}
		},
		{
			"from": [8.25, 6.75, -6.5],
			"to": [9.25, 10.75, -5.5],
			"rotation": {"angle": 45, "axis": "x", "origin": [10.125, 7.25, -6.25]},
			"faces": {
				"north": {"uv": [0, 0, 1, 4], "texture": "#3"},
				"east": {"uv": [0, 0, 1, 4], "texture": "#3"},
				"south": {"uv": [0, 0, 1, 4], "texture": "#3"},
				"west": {"uv": [0, 0, 1, 4], "texture": "#3"},
				"up": {"uv": [0, 0, 1, 4], "texture": "#3"},
				"down": {"uv": [0, 0, 1, 4], "texture": "#3"}
			}
		},
		{
			"from": [8.25, 9.75, -3.25],
			"to": [9.25, 13.75, -2.75],
			"rotation": {"angle": 45, "axis": "x", "origin": [10.125, 10.25, -3.25]},
			"faces": {
				"north": {"uv": [0, 0, 1, 4], "texture": "#1"},
				"east": {"uv": [0, 0, 1, 4], "texture": "#1"},
				"south": {"uv": [0, 0, 1, 4], "texture": "#1"},
				"west": {"uv": [0, 0, 1, 4], "texture": "#1"},
				"up": {"uv": [0, 0, 1, 4], "texture": "#1"},
				"down": {"uv": [0, 0, 1, 4], "texture": "#1"}
			}
		},
		{
			"from": [8.75, 6, -4.5],
			"to": [9.75, 7, -2],
			"rotation": {"angle": 22.5, "axis": "y", "origin": [7.25, 6.5, -7.25]},
			"faces": {
				"north": {"uv": [0, 0, 2.5, 1], "texture": "#3"},
				"east": {"uv": [0, 0, 2.5, 1], "texture": "#3"},
				"south": {"uv": [0, 0, 2.5, 1], "texture": "#3"},
				"west": {"uv": [0, 0, 2.5, 1], "texture": "#3"},
				"up": {"uv": [0, 0, 2.5, 1], "texture": "#3"},
				"down": {"uv": [0, 0, 2.5, 1], "texture": "#3"}
			}
		},
		{
			"from": [8.75, 9, -2.25],
			"to": [9.75, 9.75, 0.25],
			"rotation": {"angle": 22.5, "axis": "y", "origin": [7.25, 9.5, -5]},
			"faces": {
				"north": {"uv": [0, 0, 2.5, 1], "rotation": 90, "texture": "#3"},
				"east": {"uv": [0, 0, 2.5, 1], "rotation": 90, "texture": "#3"},
				"south": {"uv": [0, 0, 2.5, 1], "rotation": 90, "texture": "#3"},
				"west": {"uv": [0, 0, 2.5, 1], "rotation": 90, "texture": "#3"},
				"up": {"uv": [0, 0, 2.5, 1], "rotation": 90, "texture": "#3"},
				"down": {"uv": [0, 0, 2.5, 1], "rotation": 90, "texture": "#3"}
			}
		},
		{
			"from": [4.75, 6, -4.5],
			"to": [5.75, 7, -2],
			"rotation": {"angle": -22.5, "axis": "y", "origin": [7.25, 6.5, -7.25]},
			"faces": {
				"north": {"uv": [0, 0, 2.5, 1], "texture": "#3"},
				"east": {"uv": [0, 0, 2.5, 1], "texture": "#3"},
				"south": {"uv": [0, 0, 2.5, 1], "texture": "#3"},
				"west": {"uv": [0, 0, 2.5, 1], "texture": "#3"},
				"up": {"uv": [0, 0, 2.5, 1], "texture": "#3"},
				"down": {"uv": [0, 0, 2.5, 1], "texture": "#3"}
			}
		},
		{
			"from": [4.75, 9, -2.25],
			"to": [5.75, 9.75, 0.25],
			"rotation": {"angle": -22.5, "axis": "y", "origin": [7.25, 9.5, -5]},
			"faces": {
				"north": {"uv": [0, 0, 2.5, 1], "rotation": 270, "texture": "#3"},
				"east": {"uv": [0, 0, 2.5, 1], "rotation": 270, "texture": "#3"},
				"south": {"uv": [0, 0, 2.5, 1], "rotation": 270, "texture": "#3"},
				"west": {"uv": [0, 0, 2.5, 1], "rotation": 270, "texture": "#3"},
				"up": {"uv": [0, 0, 2.5, 1], "rotation": 270, "texture": "#3"},
				"down": {"uv": [0, 0, 2.5, 1], "rotation": 270, "texture": "#3"}
			}
		},
		{
			"from": [3.75, 6, -8.5],
			"to": [6.75, 7, -7.5],
			"rotation": {"angle": 45, "axis": "y", "origin": [7.25, 6.5, -7.25]},
			"faces": {
				"north": {"uv": [0, 0, 3, 1], "texture": "#3"},
				"east": {"uv": [0, 0, 3, 1], "texture": "#3"},
				"south": {"uv": [0, 0, 3, 1], "texture": "#3"},
				"west": {"uv": [0, 0, 3, 1], "texture": "#3"},
				"up": {"uv": [0, 0, 3, 1], "texture": "#3"},
				"down": {"uv": [0, 0, 3, 1], "texture": "#3"}
			}
		},
		{
			"from": [3.80546, 9, -4.61612],
			"to": [6.80546, 9.75, -3.61612],
			"rotation": {"angle": 45, "axis": "y", "origin": [5.30546, 9.5, -4.11612]},
			"faces": {
				"north": {"uv": [0, 0, 3, 1], "texture": "#3"},
				"east": {"uv": [0, 0, 3, 1], "texture": "#3"},
				"south": {"uv": [0, 0, 3, 1], "texture": "#3"},
				"west": {"uv": [0, 0, 3, 1], "texture": "#3"},
				"up": {"uv": [0, 0, 3, 1], "texture": "#3"},
				"down": {"uv": [0, 0, 3, 1], "texture": "#3"}
			}
		},
		{
			"from": [7.75, 6, -8.5],
			"to": [10.75, 7, -7.5],
			"rotation": {"angle": -45, "axis": "y", "origin": [7.25, 6.5, -7.25]},
			"faces": {
				"north": {"uv": [0, 0, 3, 1], "texture": "#3"},
				"east": {"uv": [0, 0, 3, 1], "texture": "#3"},
				"south": {"uv": [0, 0, 3, 1], "texture": "#3"},
				"west": {"uv": [0, 0, 3, 1], "texture": "#3"},
				"up": {"uv": [0, 0, 3, 1], "texture": "#3"},
				"down": {"uv": [0, 0, 3, 1], "texture": "#3"}
			}
		},
		{
			"from": [7.75, 9, -6.25],
			"to": [10.75, 9.75, -5.25],
			"rotation": {"angle": -45, "axis": "y", "origin": [7.25, 9.5, -5]},
			"faces": {
				"north": {"uv": [0, 0, 3, 1], "texture": "#3"},
				"east": {"uv": [0, 0, 3, 1], "texture": "#3"},
				"south": {"uv": [0, 0, 3, 1], "texture": "#3"},
				"west": {"uv": [0, 0, 3, 1], "texture": "#3"},
				"up": {"uv": [0, 0, 3, 1], "texture": "#3"},
				"down": {"uv": [0, 0, 3, 1], "texture": "#3"}
			}
		},
		{
			"from": [8.625, 5, -4.325],
			"to": [9.375, 6, -2.325],
			"rotation": {"angle": 22.5, "axis": "y", "origin": [7.25, 5.5, -7.325]},
			"faces": {
				"north": {"uv": [0, 0, 16, 16], "texture": "#4"},
				"east": {"uv": [0, 0, 16, 16], "texture": "#4"},
				"south": {"uv": [0, 0, 16, 16], "texture": "#4"},
				"west": {"uv": [0, 0, 16, 16], "texture": "#4"},
				"up": {"uv": [0, 0, 16, 16], "texture": "#4"},
				"down": {"uv": [0, 0, 16, 16], "texture": "#4"}
			}
		},
		{
			"from": [5.125, 5, -4.325],
			"to": [5.875, 6, -2.325],
			"rotation": {"angle": -22.5, "axis": "y", "origin": [7.25, 5.5, -7.325]},
			"faces": {
				"north": {"uv": [0, 0, 16, 16], "texture": "#4"},
				"east": {"uv": [0, 0, 16, 16], "texture": "#4"},
				"south": {"uv": [0, 0, 16, 16], "texture": "#4"},
				"west": {"uv": [0, 0, 16, 16], "texture": "#4"},
				"up": {"uv": [0, 0, 16, 16], "texture": "#4"},
				"down": {"uv": [0, 0, 16, 16], "texture": "#4"}
			}
		},
		{
			"from": [7.75, 5, -8.2],
			"to": [10.75, 6, -7.45],
			"rotation": {"angle": -45, "axis": "y", "origin": [7.25, 5.5, -7.325]},
			"faces": {
				"north": {"uv": [0, 0, 16, 16], "texture": "#4"},
				"east": {"uv": [0, 0, 16, 16], "texture": "#4"},
				"south": {"uv": [0, 0, 16, 16], "texture": "#4"},
				"west": {"uv": [0, 0, 16, 16], "texture": "#4"},
				"up": {"uv": [0, 0, 16, 16], "texture": "#4"},
				"down": {"uv": [0, 0, 16, 16], "texture": "#4"}
			}
		},
		{
			"from": [3.75, 4, -2.7],
			"to": [10.75, 9.5, -2.1],
			"rotation": {"angle": 0, "axis": "y", "origin": [8, 4.5, -4.5]},
			"faces": {
				"north": {"uv": [0, 1, 7, 6.5], "texture": "#3"},
				"east": {"uv": [0, 1, 7, 6.5], "texture": "#3"},
				"south": {"uv": [0, 1, 7, 6.5], "texture": "#3"},
				"west": {"uv": [0, 1, 7, 6.5], "texture": "#3"},
				"up": {"uv": [0, 1, 7, 6.5], "texture": "#3"},
				"down": {"uv": [0, 1, 7, 6.5], "texture": "#3"}
			}
		}
	],
	"display": {
		"head": {
			"translation": [2, 3, 31.25],
			"scale": [3, 3, 3]
		}
	},
	"groups": [
		{
			"name": "head",
			"origin": [8, 8, 8],
			"color": 0,
			"children": [0, 1, 2, 3, 4, 5, 6, 7, 8, 9, 10, 11, 12, 13, 14, 15, 16, 17, 18, 19, 20, 21, 22, 23, 24, 25, 26, 27, 28, 29, 30, 31, 32, 33]
		}
	]
}