{
	"credit": "Made with Blockbench",
	"textures": {
		"3": "minecraft:riyl/block/gravel",
		"particle": "gravel"
	},
	"elements": [
		{
			"from": [10, -2, 3],
			"to": [12, 3, 5],
			"rotation": {"angle": 22.5, "axis": "x", "origin": [6, 0, 0]},
			"faces": {
				"north": {"uv": [0, 0, 2, 5], "texture": "#3"},
				"east": {"uv": [0, 0, 2, 5], "texture": "#3"},
				"south": {"uv": [0, 0, 2, 5], "texture": "#3"},
				"west": {"uv": [0, 0, 2, 5], "texture": "#3"},
				"up": {"uv": [0, 0, 2, 5], "texture": "#3"},
				"down": {"uv": [0, 0, 2, 5], "texture": "#3"}
			}
		},
		{
			"from": [10.25, -8.5, 1.25],
			"to": [11.75, -3.5, 2.75],
			"rotation": {"angle": -22.5, "axis": "x", "origin": [6, 0, 0]},
			"faces": {
				"north": {"uv": [0, 0, 1.5, 5], "texture": "#3"},
				"east": {"uv": [0, 0, 1.5, 5], "texture": "#3"},
				"south": {"uv": [0, 0, 1.5, 5], "texture": "#3"},
				"west": {"uv": [0, 0, 1.5, 5], "texture": "#3"},
				"up": {"uv": [0, 0, 1.5, 5], "texture": "#3"},
				"down": {"uv": [0, 0, 1.5, 5], "texture": "#3"}
			}
		},
		{
			"from": [9.75, -7, 3.25],
			"to": [12.25, -6, 5.75],
			"rotation": {"angle": 22.5, "axis": "x", "origin": [11, -7, 3.5]},
			"faces": {
				"north": {"uv": [0, 0, 1.5, 5], "texture": "#3"},
				"east": {"uv": [0, 0, 1.5, 5], "texture": "#3"},
				"south": {"uv": [0, 0, 1.5, 5], "texture": "#3"},
				"west": {"uv": [0, 0, 1.5, 5], "texture": "#3"},
				"up": {"uv": [0, 0, 1.5, 5], "texture": "#3"},
				"down": {"uv": [0, 0, 1.5, 5], "texture": "#3"}
			}
		},
		{
			"from": [9.75, -7, 1.5],
			"to": [12.25, -6, 4],
			"rotation": {"angle": -22.5, "axis": "x", "origin": [11, -7, 3.5]},
			"faces": {
				"north": {"uv": [0, 0, 1.5, 5], "texture": "#3"},
				"east": {"uv": [0, 0, 1.5, 5], "texture": "#3"},
				"south": {"uv": [0, 0, 1.5, 5], "texture": "#3"},
				"west": {"uv": [0, 0, 1.5, 5], "texture": "#3"},
				"up": {"uv": [0, 0, 1.5, 5], "texture": "#3"},
				"down": {"uv": [0, 0, 1.5, 5], "texture": "#3"}
			}
		}
	],
	"display": {
		"head": {
			"translation": [-9.25, 18.5, 9.5],
			"scale": [3, 3, 3]
		}
	},
	"groups": [
		{
			"name": "R.leg",
			"origin": [8, 8, 8],
			"color": 0,
			"children": [0, 1, 2, 3]
		}
	]
}