{
	"credit": "Made with Blockbench",
	"textures": {
		"1": "minecraft:riyl/block/crying_obsidian",
		"3": "minecraft:riyl/block/gravel",
		"particle": "gravel"
	},
	"elements": [
		{
			"from": [-5, 3.5, -1],
			"to": [5, 5.5, 1],
			"rotation": {"angle": -22.5, "axis": "y", "origin": [1.5, 4, -0.5]},
			"faces": {
				"north": {"uv": [0, 0, 10, 2], "texture": "#1"},
				"east": {"uv": [0, 0, 10, 2], "texture": "#1"},
				"south": {"uv": [0, 0, 10, 2], "texture": "#1"},
				"west": {"uv": [0, 0, 10, 2], "texture": "#1"},
				"up": {"uv": [0, 0, 10, 2], "texture": "#1"},
				"down": {"uv": [0, 0, 10, 2], "texture": "#1"}
			}
		},
		{
			"from": [-6, 4.25, 1],
			"to": [5, 4.75, 8],
			"rotation": {"angle": -22.5, "axis": "y", "origin": [1.5, 4, 1.5]},
			"faces": {
				"north": {"uv": [0, 0, 11, 7], "texture": "#3"},
				"east": {"uv": [0, 0, 11, 7], "texture": "#3"},
				"south": {"uv": [0, 0, 11, 7], "texture": "#3"},
				"west": {"uv": [0, 0, 11, 7], "texture": "#3"},
				"up": {"uv": [0, 0, 11, 7], "texture": "#3"},
				"down": {"uv": [0, 0, 11, 7], "texture": "#3"}
			}
		},
		{
			"from": [-7, 4.25, 5],
			"to": [-6, 4.75, 8],
			"rotation": {"angle": -22.5, "axis": "y", "origin": [1.5, 4, 1.5]},
			"faces": {
				"north": {"uv": [0, 0, 1, 3], "texture": "#3"},
				"east": {"uv": [0, 0, 1, 3], "texture": "#3"},
				"south": {"uv": [0, 0, 1, 3], "texture": "#3"},
				"west": {"uv": [0, 0, 1, 3], "texture": "#3"},
				"up": {"uv": [0, 0, 1, 3], "texture": "#3"},
				"down": {"uv": [0, 0, 1, 3], "texture": "#3"}
			}
		},
		{
			"from": [-8, 4.25, 8],
			"to": [5, 4.75, 9],
			"rotation": {"angle": -22.5, "axis": "y", "origin": [1.5, 4, 1.5]},
			"faces": {
				"north": {"uv": [0, 0, 13, 0.5], "texture": "#3"},
				"east": {"uv": [0, 0, 13, 0.5], "texture": "#3"},
				"south": {"uv": [0, 0, 13, 0.5], "texture": "#3"},
				"west": {"uv": [0, 0, 13, 0.5], "texture": "#3"},
				"up": {"uv": [0, 0, 13, 0.5], "texture": "#3"},
				"down": {"uv": [0, 0, 13, 0.5], "texture": "#3"}
			}
		},
		{
			"from": [-12.07716, 3.5, -0.11209],
			"to": [-2.07716, 5.5, 1.88791],
			"rotation": {"angle": 45, "axis": "y", "origin": [-7.07716, 4.5, 0.88791]},
			"faces": {
				"north": {"uv": [0, 0, 10, 2], "texture": "#1"},
				"east": {"uv": [0, 0, 10, 2], "texture": "#1"},
				"south": {"uv": [0, 0, 10, 2], "texture": "#1"},
				"west": {"uv": [0, 0, 10, 2], "texture": "#1"},
				"up": {"uv": [0, 0, 10, 2], "texture": "#1"},
				"down": {"uv": [0, 0, 10, 2], "texture": "#1"}
			}
		}
	],
	"display": {
		"head": {
			"rotation": [0, 0, -21],
			"translation": [14.5, 6, 20.25],
			"scale": [3, 4, 3]
		}
	},
	"groups": [
		{
			"name": "L.wing",
			"origin": [8, 8, 8],
			"color": 0,
			"children": [0, 1, 2, 3, 4]
		}
	]
}