{
    "type": "minecraft:crafting_shapeless",
    "ingredients": [
        {
            "item": "minecraft:stick"
        },
        {
            "item": "minecraft:stick"
        },
        {
            "item": "minecraft:stick"
        },
        {
            "item": "minecraft:string"
        },
        {
            "item": "minecraft:string"
        },
        {
            "item": "minecraft:string"
        }
    ],
    "result": {
        "item": "minecraft:bow",
        "count": 1
    }
}