{
    "parent": "item/generated",
    "textures": {
        "layer0": "item/armor_stand"
	},
	"overrides": [
	{"predicate": {"custom_model_data": 1},"model": "test/test1"},
	{"predicate": {"custom_model_data": 2},"model": "riyl/mob/bluejack/head"},
	{"predicate": {"custom_model_data": 3},"model": "riyl/mob/tyudo"},

	{"predicate": {"custom_model_data": 4},"model": "riyl/mob/whitestdragon/ago"},
	{"predicate": {"custom_model_data": 5},"model": "riyl/mob/whitestdragon/head"},
	{"predicate": {"custom_model_data": 6},"model": "riyl/mob/whitestdragon/body"},
	{"predicate": {"custom_model_data": 7},"model": "riyl/mob/whitestdragon/rwing"},
	{"predicate": {"custom_model_data": 8},"model": "riyl/mob/whitestdragon/lwing"},
	{"predicate": {"custom_model_data": 9},"model": "riyl/mob/whitestdragon/leg"},
	{"predicate": {"custom_model_data": 10},"model": "riyl/mob/whitestdragon/tale"},
	{"predicate": {"custom_model_data": 11},"model": "riyl/mob/tyudoo"}

	]
}