{
    "parent": "item/generated",
    "textures": {
        "layer0": "item/crossbow_standby"
    },
    "display": {
        "thirdperson_righthand": {
            "rotation": [ -90, 0, -60 ],
            "translation": [ 2, 0.1, -3 ],
            "scale": [ 0.9, 0.9, 0.9 ]
        },
        "thirdperson_lefthand": {
            "rotation": [ -90, 0, 30 ],
            "translation": [ 2, 0.1, -3 ],
            "scale": [ 0.9, 0.9, 0.9 ]
        },
        "firstperson_righthand": {
            "rotation": [ -90, 0, -55 ],
            "translation": [ 1.13, 3.2, 1.13],
            "scale": [ 0.68, 0.68, 0.68 ]
        },
        "firstperson_lefthand": {
            "rotation": [ -90, 0, 35 ],
            "translation": [ 1.13, 3.2, 1.13],
            "scale": [ 0.68, 0.68, 0.68 ]
        }
    },
    "overrides": [
        {
            "predicate": {
                "pulling": 1
            },
            "model": "item/crossbow_pulling_0"
        },
        {
            "predicate": {
                "pulling": 1,
                "pull": 0.58
            },
            "model": "item/crossbow_pulling_1"
        },
        {
            "predicate": {
                "pulling": 1,
                "pull": 1.0
            },
            "model": "item/crossbow_pulling_2"
        },
        {
            "predicate": {
                "charged": 1
            },
            "model": "item/crossbow_arrow"
        },
        {
            "predicate": {
                "charged": 1,
                "firework": 1
            },
            "model": "item/crossbow_firework"
		},

		{ "predicate": {"custom_model_data": 1}, "model": "item/3dmodel/weapon/re_cross_hookshot/true"},
		{ "predicate": {"custom_model_data": 1,"charged": 1}, "model": "item/3dmodel/weapon/re_cross_hookshot/true_charged"},

		{ "predicate": {"custom_model_data": 2}, "model": "item/3dmodel/weapon/pig_launcher_reload"},
		{ "predicate": {"custom_model_data": 2,"charged": 1}, "model": "item/3dmodel/weapon/pig_launcher"},

		{ "predicate": {"custom_model_data": 3}, "model": "item/3dmodel/weapon/ordinary_pistol"},

		{ "predicate": {"custom_model_data": 4}, "model": "item/3dmodel/weapon/hyper_celebrator/close"},
		{ "predicate": {"custom_model_data": 4,"charged": 1}, "model": "item/3dmodel/weapon/hyper_celebrator/open"},

		{ "predicate": {"custom_model_data": 5}, "model": "item/3dmodel/weapon/world_enchanter/close"},
		{ "predicate": {"custom_model_data": 5,"charged": 1}, "model": "item/3dmodel/weapon/world_enchanter/open"},

		{ "predicate": {"custom_model_data": 6}, "model": "item/3dmodel/weapon/re_cross_hookshot/basic"},
		{ "predicate": {"custom_model_data": 6,"charged": 1}, "model": "item/3dmodel/weapon/re_cross_hookshot/basic_charged"},

		{ "predicate": {"custom_model_data": 7}, "model": "item/3dmodel/weapon/re_cross_hookshot/true_charged_pull"},

		{ "predicate": {"custom_model_data": 8}, "model": "item/3dmodel/weapon/re_cross_hookshot/basic_charged_pull"},

		{ "predicate": {"custom_model_data": 9}, "model": "item/3dmodel/weapon/revo_reloader/reload"},
		{ "predicate": {"custom_model_data": 9,"charged": 1}, "model": "item/3dmodel/weapon/revo_reloader/normal"},

		{ "predicate": {"custom_model_data": 10}, "model": "item/3dmodel/weapon/revo_reloader/ads_reload"},
		{ "predicate": {"custom_model_data": 10,"charged": 1}, "model": "item/3dmodel/weapon/revo_reloader/ads"},

		{ "predicate": {"custom_model_data": 11}, "model": "item/3dmodel/weapon/revo_reloader/holo"},


		{ "predicate": {"custom_model_data": 12}, "model": "item/3dmodel/weapon/mozambique/normal/shot"},
		{ "predicate": {"custom_model_data": 12,"charged": 1}, "model": "item/3dmodel/weapon/mozambique/normal/standby"},

		{ "predicate": {"custom_model_data": 13}, "model": "item/3dmodel/weapon/mozambique/normal/open_shot"},
		{ "predicate": {"custom_model_data": 13,"charged": 1}, "model": "item/3dmodel/weapon/mozambique/normal/open"},

		{ "predicate": {"custom_model_data": 14}, "model": "item/3dmodel/weapon/mozambique/normal/ads_shot"},
		{ "predicate": {"custom_model_data": 14,"charged": 1}, "model": "item/3dmodel/weapon/mozambique/normal/ads"},

		{ "predicate": {"custom_model_data": 15}, "model": "item/3dmodel/weapon/mozambique/normal/ads_open_shot"},
		{ "predicate": {"custom_model_data": 15,"charged": 1}, "model": "item/3dmodel/weapon/mozambique/normal/ads_open"},

		{ "predicate": {"custom_model_data": 16}, "model": "item/3dmodel/weapon/mozambique/normal/reload"},


		{ "predicate": {"custom_model_data": 17}, "model": "item/3dmodel/weapon/mozambique/hyper/shot"},
		{ "predicate": {"custom_model_data": 17,"charged": 1}, "model": "item/3dmodel/weapon/mozambique/hyper/standby"},

		{ "predicate": {"custom_model_data": 18}, "model": "item/3dmodel/weapon/mozambique/hyper/open_shot"},
		{ "predicate": {"custom_model_data": 18,"charged": 1}, "model": "item/3dmodel/weapon/mozambique/hyper/open"},

		{ "predicate": {"custom_model_data": 19}, "model": "item/3dmodel/weapon/mozambique/hyper/ads_shot"},
		{ "predicate": {"custom_model_data": 19,"charged": 1}, "model": "item/3dmodel/weapon/mozambique/hyper/ads"},

		{ "predicate": {"custom_model_data": 20}, "model": "item/3dmodel/weapon/mozambique/hyper/ads_open_shot"},
		{ "predicate": {"custom_model_data": 20,"charged": 1}, "model": "item/3dmodel/weapon/mozambique/hyper/ads_open"},

		{ "predicate": {"custom_model_data": 21}, "model": "item/3dmodel/weapon/mozambique/hyper/reload"},

		
		{ "predicate": {"custom_model_data": 22}, "model": "item/3dmodel/weapon/wingman/standby_use"},
		{ "predicate": {"custom_model_data": 22,"charged": 1}, "model": "item/3dmodel/weapon/wingman/standby"},

		{ "predicate": {"custom_model_data": 23}, "model": "item/3dmodel/weapon/wingman/shot_use"},
		{ "predicate": {"custom_model_data": 23,"charged": 1}, "model": "item/3dmodel/weapon/wingman/shot"},

		{ "predicate": {"custom_model_data": 24}, "model": "item/3dmodel/weapon/wingman/ads_use"},
		{ "predicate": {"custom_model_data": 24,"charged": 1}, "model": "item/3dmodel/weapon/wingman/ads"},

		{ "predicate": {"custom_model_data": 25}, "model": "item/3dmodel/weapon/wingman/ads_shot_use"},
		{ "predicate": {"custom_model_data": 25,"charged": 1}, "model": "item/3dmodel/weapon/wingman/ads_shot"},

		{ "predicate": {"custom_model_data": 26}, "model": "item/3dmodel/weapon/wingman/reload"},


		{ "predicate": {"custom_model_data": 27}, "model": "item/3dmodel/weapon/disc_gun/standby_use"},
		{ "predicate": {"custom_model_data": 27,"charged": 1}, "model": "item/3dmodel/weapon/disc_gun/standby"},


		{ "predicate": {"custom_model_data": 28}, "model": "item/3dmodel/weapon/disc_gun/super_standby_use"},
		{ "predicate": {"custom_model_data": 28,"charged": 1}, "model": "item/3dmodel/weapon/disc_gun/super_standby"},

		{ "predicate": {"custom_model_data": 29}, "model": "item/3dmodel/weapon/glaivery/used"},

		{ "predicate": {"custom_model_data": 30}, "model": "item/2d/re_potion_launcher/standby"},
		{ "predicate": {"custom_model_data": 30,"charged": 1}, "model": "item/2d/re_potion_launcher/charged"},

		{ "predicate": {"custom_model_data": 31}, "model": "item/3dmodel/weapon/craftsman_shotgun/standby_use"},
		{ "predicate": {"custom_model_data": 31,"charged": 1}, "model": "item/3dmodel/weapon/craftsman_shotgun/standby"},

		{ "predicate": {"custom_model_data": 32}, "model": "item/3dmodel/weapon/craftsman_shotgun/reload_use"},
		{ "predicate": {"custom_model_data": 32,"charged": 1}, "model": "item/3dmodel/weapon/craftsman_shotgun/reload"},

		{ "predicate": {"custom_model_data": 33}, "model": "item/3dmodel/weapon/craftsman_shotgun/pillage_shotgun"},
		{ "predicate": {"custom_model_data": 33,"charged": 1}, "model": "item/3dmodel/weapon/craftsman_shotgun/pillage_shotgun"},

		{ "predicate": {"custom_model_data": 34}, "model": "item/3dmodel/weapon/ambassador/assault"},
		{ "predicate": {"custom_model_data": 34,"charged": 1}, "model": "item/3dmodel/weapon/ambassador/assault"},

		{ "predicate": {"custom_model_data": 35}, "model": "item/3dmodel/weapon/ambassador/sniper"},
		{ "predicate": {"custom_model_data": 35,"charged": 1}, "model": "item/3dmodel/weapon/ambassador/sniper"},

		{ "predicate": {"custom_model_data": 36}, "model": "item/3dmodel/weapon/ambassador/ignitron"},
		{ "predicate": {"custom_model_data": 36,"charged": 1}, "model": "item/3dmodel/weapon/ambassador/ignitron"},

		{ "predicate": {"custom_model_data": 37}, "model": "item/3dmodel/weapon/craftsman_launcher/standby_use"},
		{ "predicate": {"custom_model_data": 37,"charged": 1}, "model": "item/3dmodel/weapon/craftsman_launcher/standby"},

		{ "predicate": {"custom_model_data": 38}, "model": "item/3dmodel/weapon/craftsman_gunblade/ranged_standby_use"},
		{ "predicate": {"custom_model_data": 38,"charged": 1}, "model": "item/3dmodel/weapon/craftsman_gunblade/ranged_standby"}
	]
}